data,echipa1,echipa2,cota_1,cota_X,cota_2
26/04,Hermannstadt,UTA Arad,2.40,3.15,3.30
26/04,U.Cluj,Univ.Craiova,2.70,3.15,2.85
27/04,Gloria Buzău,FC Botosani,5.40,3.80,1.67
27/04,Rapid B.,FCSB,3.70,3.30,2.10
28/04,Petrolul,Farul C.,2.49,3.20,3.00
28/04,Dinamo Buc.,CFR Cluj,3.80,3.30,2.07
02/05,Poli Iasi,Sepsi,2.85,3.15,2.65
02/05,Univ.Craiova,Rapid B.,1.89,3.45,4.40
03/05,FC Botosani,Unirea Slobozia,1.87,3.40,4.60
03/05,Farul C.,Gloria Buzău,1.39,4.80,8.00
03/05,CFR Cluj,U.Cluj,1.68,3.75,5.40
04/05,Otelul Galati,Hermannstadt,2.34,3.05,3.40
05/05,UTA Arad,Petrolul,2.44,3.05,3.20
05/05,FCSB,Dinamo Buc.,1.64,3.65,6.00
10/05,Univ.Craiova,CFR Cluj,2.55,3.05,2.85
10/05,Dinamo Buc.,Rapid B.,2.50,3.20,2.80
10/05,U.Cluj,FCSB,3.70,3.30,2.10
10/05,Sepsi,FC Botosani,1.90,3.40,4.00
10/05,Hermannstadt,Poli Iasi,2.10,3.20,3.55
10/05,Farul C.,UTA Arad,2.15,3.20,3.40
10/05,Gloria Buzău,Unirea Slobozia,2.50,3.10,2.85
10/05,Petrolul,Otelul Galati,2.45,3.10,2.95
17/05,Dinamo Buc.,U.Cluj,2.70,3.00,2.70
17/05,FCSB,Univ.Craiova,2.20,3.15,3.35
17/05,Rapid B.,CFR Cluj,3.30,3.30,2.15
29/04,Arsenal,PSG,2.12,3.50,3.45
30/04,Barcelona,Inter Milano,1.71,4.20,4.50
27/04,Villarreal,Espanyol,1.46,4.70,6.60
02/05,Vallecano,Getafe,2.35,2.95,3.35
03/05,Alaves,Atl. Madrid,3.70,3.15,2.12
03/05,Villarreal,Osasuna,1.55,4.30,5.40
03/05,Las Palmas,Valencia,2.65,3.40,2.55
03/05,Valladolid,Barcelona,13.00,8.00,1.17
04/05,Real Madrid,Celta Vigo,1.38,5.40,6.80
04/05,Sevilla,Leganes,1.74,3.45,5.20
04/05,Espanyol,Betis,2.90,3.25,2.46
04/05,Real Sociedad,Ath.Bilbao,2.43,3.10,3.05
05/05,Girona,Mallorca,2.03,3.15,3.90
26/04,Brighton,West Ham,1.78,3.90,4.30
26/04,Newcastle,Ipswich,1.17,7.80,15.00
26/04,Southampton,Fulham,5.20,4.10,1.63
26/04,Wolverhampton,Leicester,1.55,4.30,5.80
27/04,Bournemouth,Man.Utd.,1.68,4.10,4.70
27/04,Liverpool,Tottenham,1.26,6.60,9.60
01/05,Nottingham,Brentford,2.17,3.50,3.20
02/05,Man.City,Wolverhampton,1.37,5.20,7.20
03/05,Aston Villa,Fulham,1.74,3.85,4.40
03/05,Everton,Ipswich,1.64,3.90,5.20
03/05,Leicester,Southampton,2.24,3.60,3.00
03/05,Arsenal,Bournemouth,1.91,3.65,3.80
04/05,Brentford,Man.Utd.,1.74,4.00,4.20
04/05,Brighton,Newcastle,2.70,3.60,2.42
04/05,West Ham,Tottenham,2.28,3.65,2.90
04/05,Chelsea,Liverpool,2.34,3.45,2.95
05/05,Crystal Palace,Nottingham,2.40,3.30,2.85
27/04,Como,Genoa,1.85,3.45,4.60
27/04,Venezia,AC Milan,4.60,4.00,1.71
27/04,Fiorentina,Empoli,1.83,3.50,4.50
27/04,Inter Milano,AS Roma,1.76,3.75,4.60
27/04,Juventus,Monza,1.20,6.80,14.00
27/04,Napoli,Torino,1.43,4.50,7.80
28/04,Udinese,Bologna,4.50,3.45,1.86
28/04,Verona,Cagliari,2.55,2.75,3.35
28/04,Lazio,Parma,1.48,4.50,6.40
02/05,Torino,Venezia,1.96,3.20,4.20
03/05,Cagliari,Udinese,2.22,3.15,3.45
03/05,Parma,Como,3.05,3.35,2.32
03/05,Lecce,Napoli,5.80,3.95,1.57
03/05,Inter Milano,Verona,1.34,4.80,9.40
04/05,Empoli,Lazio,4.10,3.55,1.87
04/05,Monza,Atalanta,10.00,6.00,1.26
04/05,AS Roma,Fiorentina,1.78,3.60,4.50
04/05,Bologna,Juventus,2.49,3.05,3.00
05/05,Genoa,AC Milan,3.95,3.45,1.90
26/04,Leverkusen,Augsburg,1.49,4.60,6.20
26/04,Bayern M.,Mainz,1.24,7.00,9.80
26/04,Kiel,M'gladbach,2.55,3.75,2.55
26/04,Hoffenheim,Dortmund,3.90,4.00,1.84
26/04,Wolfsburg,Freiburg,2.36,3.70,2.90
26/04,E.Frankfurt,RB Leipzig,1.99,4.00,3.35
27/04,Bochum,Union Berlin,2.31,3.45,3.05
27/04,Werder B.,St.Pauli,1.91,3.70,3.90
02/05,Heidenheim,Bochum,2.22,3.55,3.05
03/05,M'gladbach,Hoffenheim,1.96,3.95,3.40
03/05,St.Pauli,VfB Stuttgart,2.90,3.40,2.35
03/05,RB Leipzig,Bayern M.,4.70,4.50,1.60
03/05,Union Berlin,Werder B.,2.50,3.50,2.65
03/05,Dortmund,Wolfsburg,1.42,5.20,6.40
04/05,Augsburg,Kiel,1.70,3.90,4.60
04/05,Freiburg,Leverkusen,3.50,3.55,2.03
04/05,Mainz,E.Frankfurt,2.27,3.60,2.90
26/04,Strasbourg,St. Etienne,1.50,4.70,5.80
26/04,Le Havre,AS Monaco,6.60,4.90,1.44
26/04,Lyon,Rennes,1.72,4.20,4.40
27/04,Angers,Lille,6.20,4.10,1.55
27/04,Nantes,Toulouse,2.90,3.35,2.48
27/04,Montpellier,Reims,4.20,3.75,1.84
27/04,Lens,AJ Auxerre,1.54,4.40,5.60
27/04,Marseille,Brest,1.51,4.70,5.80
02/05,Nice,Reims,1.45,4.70,6.40
03/05,Strasbourg,PSG,2.70,3.80,2.33
03/05,Toulouse,Rennes,2.09,3.45,3.45
03/05,St. Etienne,AS Monaco,5.40,5.00,1.49
04/05,Nantes,Angers,1.96,3.45,3.90
04/05,AJ Auxerre,Le Havre,2.03,3.50,3.55
04/05,Lyon,Lens,1.86,3.95,3.70
04/05,Brest,Montpellier,1.38,5.00,7.40
04/05,Lille,Marseille,2.39,3.30,2.95
01/05,Ath.Bilbao,Man.Utd.,1.99,3.40,3.80
01/05,Tottenham,Bodo/Glimt,1.26,6.00,10.00
01/05,Djurgardens,Chelsea,7.40,5.00,1.38
01/05,Betis,Fiorentina,1.70,3.75,4.90
04/06,Germania,Portugalia,1.90,3.40,4.00
05/06,Spania,Franța,2.40,3.20,2.95
15/06,Al Ahly,Inter Miami,3.75,3.55,1.88
15/06,PSG,Atl. Madrid,2.01,3.45,3.45
16/06,Palmeiras,FC Porto,3.40,3.30,2.07
16/06,Botafogo RJ,Seattle Sounders,1.66,3.95,4.40
17/06,Boca Juniors,Benfica,3.65,3.45,1.94
17/06,Flamengo,Esperance Sp.Tunis,1.34,4.90,7.60
17/06,Fluminense,Dortmund,4.80,4.00,1.61
17/06,River Plate (ARG),Urawa Red Diamonds,1.73,3.60,4.50
18/06,Ulsan Hyundai,Mamelodi,2.13,3.50,3.10
18/06,CF Monterrey,Inter Milano,6.40,4.50,1.42
18/06,Real Madrid,Al Hilal,1.27,5.60,9.00
19/06,CF Pachuca,FC Salzburg,4.20,3.65,1.76
19/06,Al Ain,Juventus,10.00,6.00,1.23
24/05,Bielefeld,VfB Stuttgart,5.60,4.50,1.49
26/04,Crystal Palace,Aston Villa,3.20,3.35,2.23
27/04,Nottingham,Man.City,4.60,3.75,1.74
24/05,PSG,Reims,1.23,6.20,10.00
26/04,Barcelona,Real Madrid,2.34,3.75,2.90
26/04,Blackburn,Watford,1.68,3.80,5.20
26/04,Cardiff,West Bromwich,2.20,3.35,3.35
26/04,Hull,Derby,2.40,3.05,3.25
26/04,Middlesbrough,Norwich,1.62,4.30,5.00
26/04,Millwall,Swansea,2.34,3.20,3.25
26/04,Oxford Utd,Sunderland,3.35,3.25,2.24
26/04,Preston,Plymouth,1.89,3.50,4.30
26/04,Sheffield Wed,Portsmouth,1.90,3.95,3.70
28/04,Leeds,Bristol City,1.61,4.10,5.40
26/04,Barnsley,Shrewsbury,1.48,4.30,6.00
26/04,Burton,Cambridge Utd,1.97,3.40,3.70
26/04,Crawley Town,Northampton,2.04,3.40,3.50
26/04,Exeter,Huddersfield,3.10,3.40,2.21
26/04,Peterborough,Bolton,2.55,3.70,2.45
26/04,Stockport,Lincoln,1.86,3.35,4.30
26/04,Wigan,Blackpool,2.85,3.30,2.41
26/04,Wrexham,Charlton,2.35,3.00,3.20
27/04,Stevenage,Rotherham Utd.,2.15,3.30,3.30
27/04,Birmingham,Mansfield,1.49,4.30,6.00
26/04,Barrow,Bromley,2.24,3.45,3.10
26/04,Cheltenham,Carlisle,2.70,3.60,2.43
26/04,Fleetwood,Newport,1.55,4.30,5.60
26/04,Gillingham,Swindon,2.80,3.40,2.45
26/04,Salford,Colchester,2.14,3.40,3.40
26/04,Walsall,Accrington,1.63,3.85,5.40
26/04,Chesterfield,Morecambe,1.33,5.20,8.40
26/04,Milton Keynes,Grimsby,3.05,3.55,2.22
26/04,Tranmere,Crewe,1.93,3.55,3.85
26/04,Lorient,Caen,1.21,6.40,13.00
26/04,Pau,Metz,4.20,4.10,1.73
02/05,Clermont,Annecy,2.27,3.25,3.10
02/05,EA Guingamp,Bastia,1.91,3.35,4.00
02/05,Grenoble,Troyes,3.05,3.15,2.33
02/05,Dunkerque,Stade Laval,1.66,3.75,4.90
26/04,Dusseldorf,Nurnberg,1.86,3.90,3.75
27/04,K'lautern,Schalke 04,2.12,3.65,3.20
27/04,Hamburger SV,Karlsruher,1.50,4.80,5.40
27/04,Hannover 96,FC Koln,3.15,3.45,2.19
27/04,Sudtirol,Juve Stabia,2.50,3.00,3.05
27/04,Catanzaro,Palermo,2.65,3.30,2.65
01/05,Cosenza,Bari,3.10,3.20,2.31
01/05,Mantova,Cesena,2.55,3.10,2.80
01/05,Modena,Reggiana,2.03,3.15,3.90
01/05,Pisa,Frosinone,1.64,3.75,5.20
01/05,Sampdoria,Cremonese,3.00,3.15,2.37
01/05,Spezia,Salernitana,1.64,3.80,5.00
01/05,Cittadella,Brescia,2.80,3.10,2.55
01/05,Sassuolo,Carrarese,1.56,4.10,5.40
26/04,Eldense,Cordoba,2.50,3.35,2.75
26/04,R. Oviedo,Levante,2.42,3.05,3.15
26/04,Mirandes,Burgos,1.80,3.15,5.40
26/04,Granada,Elche,2.35,3.00,3.30
27/04,Santander,La Coruna,1.87,3.75,3.85
27/04,Malaga,Castellon,2.90,3.25,2.48
27/04,Tenerife,Eibar,2.34,3.00,3.35
27/04,Zaragoza,Huesca,1.86,3.35,4.50
28/04,Almeria,Ferrol,1.31,5.20,9.60
26/04,Al Ahli Saudi,Buriram,1.18,7.20,12.00
26/04,Yokohama Marinos,Al Nassr,7.80,5.60,1.31
27/04,Kawasaki Frontale,Al Sadd SC,2.18,3.45,3.10
27/04,F/Chelsea,F/Barcelona,4.60,4.50,1.58
27/04,F/Lyon,F/Arsenal,1.59,4.40,4.50
01/05,Inter Miami,Vancouver W.,1.62,3.95,4.70
02/05,Cruz Azul,Tigres UANL,2.15,3.30,3.20
26/04,CS Sporting Liesti,Targu Secuiesc,1.99,3.40,3.10
26/04,CSM Alexandria,CS Dinamo București,6.60,4.10,1.38
26/04,ASU Politehnica Timisoara,Progresul Pecica,1.49,3.85,5.40
26/04,ACS FC Dinamo Bucuresti,CS Paulești,2.00,3.50,3.00
26/04,Flacara Moreni,Pucioasa,2.23,3.45,2.60
26/04,Rasnov,CS Gheorgheni,2.26,3.35,2.65
26/04,Barnet,Aldershot,1.30,5.40,8.80
26/04,Boston Utd,Gateshead,2.29,3.55,2.85
26/04,Dagenham & Red.,Altrincham,2.85,3.50,2.31
26/04,Ebbsfleet,Maidenhead,5.60,4.30,1.52
26/04,Halifax,Braintree,2.08,3.25,3.50
26/04,Forest Green,Oldham,2.32,3.30,2.95
26/04,Rochdale,Hartlepool,1.79,3.60,4.30
26/04,Tamworth,AFC Fylde,1.50,4.40,5.60
26/04,Yeovil,Sutton,2.45,3.10,2.95
26/04,York,Solihull Moors,1.50,4.40,5.60
26/04,Southend,Wealdstone,1.62,3.90,5.00
26/04,LASK,A.Klagenfurt,1.54,4.40,5.20
26/04,Altach,Tirol,2.04,3.30,3.60
27/04,Rapid Viena,BW Linz,1.60,4.00,5.00
27/04,Wolfsberger,FC Salzburg,3.30,3.55,2.05
27/04,Sturm Graz,Austria Viena,2.11,3.25,3.45
01/05,Wolfsberger,TSV Hartberg,1.65,3.70,4.80
01/05,Al Akhdood,Al Wehda,1.86,3.75,3.75
01/05,Al Riyadh,Al Orobah,1.86,3.70,3.85
01/05,Al Fateh,Al Shabab,2.95,4.00,2.07
02/05,Al Ettifaq,Al Khaleej,1.94,3.65,3.55
27/04,Auckland FC,Perth Glory,1.31,5.40,8.00
27/04,Western Utd.,Sydney,2.33,3.90,2.60
26/04,Aldosivi,CA Banfield,2.60,2.75,3.10
26/04,San Lorenzo Almagro,Rosario Central,2.70,2.65,3.10
27/04,CA Belgrano,Argentinos Juniors,3.25,3.00,2.35
27/04,River Plate (ARG),Boca Juniors,1.96,3.15,4.10
28/04,Atl.Lanus,San Martin de San Juan,1.58,3.60,6.40
28/04,Instituto Cordoba,CA Sarmiento,1.82,3.30,4.60
28/04,Independiente Avellaneda,Deportivo Riestra,1.58,3.60,6.20
28/04,Barracas Central,Union de Santa Fe,2.37,3.10,3.10
28/04,Godoy Cruz,Atletico Tucuman,2.65,3.05,2.70
29/04,Defensa y Justicia,Racing Club Avellaneda,2.90,3.30,2.37
29/04,Estudiantes La Plata,CA Tigre,1.98,3.30,3.85
29/04,CA Central Cordoba SE,Independiente Rivadavia,2.13,3.15,3.55
29/04,Velez Sarsfield,Gimnasia La Plata,1.96,3.15,4.20
30/04,Newell´s Old Boys,CA Huracan,2.65,2.85,2.90
30/04,CA Platense,Talleres Cordoba,2.55,2.85,2.95
26/04,Leuven,Standard Liege,2.13,3.25,3.40
26/04,Westerlo,Mechelen,2.32,3.70,2.70
26/04,Cercle Brugge,St Truidense,2.25,3.30,3.10
26/04,Charleroi,Dender,1.57,4.10,5.20
27/04,Gent,Anderlecht,2.95,3.20,2.39
27/04,Genk,Antwerp,1.57,4.30,5.00
27/04,St. Gilloise,Club Brugge,2.60,3.25,2.65
27/04,Molenbeek,Lokeren Temse,1.53,4.20,5.40
27/04,Beveren,Patro Eisden Maasmechelen,2.22,3.30,3.05
04/05,Club Brugge,Anderlecht,1.56,4.20,5.00
30/04,Retro FC,Fortaleza,3.65,3.40,1.96
30/04,Internacional,Maracana EC,1.07,9.40,26.00
30/04,Maringa FC,Atletico MG,4.50,3.30,1.81
30/04,Fluminense,Aparecidense GO,1.18,6.60,13.00
30/04,Sao Paulo,Nautico PE,1.28,5.00,10.00
01/05,Botafogo RJ,Capital CF DF,1.29,4.90,10.00
01/05,Ceara CE,Palmeiras,3.60,3.15,2.05
01/05,Alagoano AL,Gremio FBPA,4.40,3.40,1.80
01/05,Gremio Novorizontino SP,Corinthians,3.20,3.00,2.29
01/05,Paysandu PA,EC Bahia,3.75,3.15,2.01
01/05,Brusque SC,Paranaense,4.20,3.15,1.91
01/05,Operario Ferroviario PR,Vasco da Gama,3.05,2.75,2.55
02/05,Santos,Brasil AL,1.32,4.60,9.60
02/05,Criciuma SC,Bragantino,2.65,3.00,2.70
02/05,Botafogo PB,Flamengo,9.60,5.20,1.27
02/05,Cruzeiro EC MG,Vila Nova GO,1.46,4.10,6.60
26/04,Internacional,Juventude RS,1.40,4.50,7.60
27/04,Ceara CE,Sao Paulo,2.14,2.90,3.85
27/04,Mirassol SP,Atletico MG,2.80,3.10,2.55
27/04,Recife PE,Fortaleza,2.27,3.20,3.15
27/04,Botafogo RJ,Fluminense,2.19,3.00,3.55
27/04,Flamengo,Corinthians,1.45,4.20,7.20
28/04,Cruzeiro EC MG,Vasco da Gama,1.92,3.40,3.90
28/04,Vitoria BA,Gremio FBPA,2.36,3.10,3.05
28/04,Palmeiras,EC Bahia,1.58,4.00,5.40
28/04,Santos,Bragantino,1.95,3.20,4.10
03/05,Sao Paulo,Fortaleza,1.88,3.35,4.20
26/04,Coritiba,Operario Ferroviario PR,2.02,3.05,4.00
27/04,Avai SC,America MG,2.29,3.05,3.25
27/04,Athletic Club MG,Volta Redonda RJ,1.92,3.45,3.75
27/04,Amazonas AM,Atletico GO,2.70,2.95,2.70
27/04,Paysandu PA,Brasil AL,2.06,3.05,3.70
28/04,Cuiaba,Ferroviaria,1.72,3.25,5.20
29/04,Botafogo SP,Goias,2.90,3.00,2.50
03/05,Ferroviaria,Coritiba,2.39,3.05,2.95
03/05,Clube do Remo PA,Amazonas AM,1.91,3.15,3.85
26/04,Spartak Varna,CSKA Sofia,4.80,3.95,1.64
26/04,Levski,Arda,1.61,3.75,5.40
27/04,Botev Plovdiv,Beroe,1.87,3.50,4.00
27/04,Ludogorets,Cherno More,1.45,4.00,7.20
28/04,Septemvri Sofia,Lok. Plovdiv,3.50,3.20,2.07
28/04,CSKA 1948 Sofia,Botev Vratsa,1.47,4.20,6.00
26/04,Omonia Nicosia,Pafos,3.45,3.50,2.04
26/04,Apollon Limassol,APOEL Nicosia,3.35,3.20,2.18
27/04,Aris,AEK Larnaca,2.37,3.25,2.85
28/04,Paralimni,Nea Salamis,1.88,3.50,3.80
28/04,Karmiotissa,Als Omonia,1.13,7.20,17.00
28/04,Omonia Aradippou,Achnas,1.85,3.60,3.80
30/04,Omonia Nicosia,AEK Larnaca,2.50,3.20,2.70
30/04,Pafos,Apollon Limassol,1.62,3.70,5.20
26/04,Varazdin,Lok. Zagreb,2.14,3.20,3.45
27/04,Osijek,Hajduk Split,4.10,3.40,1.88
27/04,Din. Zagreb,Rijeka,1.78,3.40,4.70
28/04,Istra 1961,Slaven Belupo,2.31,3.20,3.10
28/04,Sibenik,Gorica,2.50,2.95,3.00
26/04,Olomouc,Slavia P.,7.00,4.60,1.41
27/04,Wuhan Three Towns,Tianjin Jinmen Tiger,2.60,3.55,2.55
27/04,Qingdao Hainiu FC,Meizhou Hakka,3.00,3.55,2.24
27/04,Zhejiang Professional,Qingdao West Coast FC,1.74,4.10,4.20
27/04,Pohang Steelers,Seoul,3.25,3.25,2.20
27/04,Daejeon Citizen,Gangwon,2.19,3.20,3.35
27/04,Gimcheon Sangmu,Ulsan Hyundai,2.70,3.45,2.44
27/04,Lyngby,Silkeborg,3.25,3.55,2.09
27/04,Soenderjyske,Viborg FF,2.80,3.65,2.28
27/04,Aarhus,FC Copenhaga,3.05,3.30,2.27
27/04,Midtjylland,Nordsjaelland,2.03,3.80,3.20
28/04,Aalborg,Vejle BK,2.30,3.55,2.85
02/05,Randers,Nordsjaelland,2.50,3.90,2.40
30/04,Brondby,Silkeborg,1.70,4.10,3.90
01/05,Viborg FF,FC Copenhaga,4.20,3.65,1.73
26/04,Lausanne Ouchy,FC Stade Nyonnais,1.79,3.95,3.85
27/04,Vaduz,Etoile Carouge FC,2.65,3.55,2.44
27/04,Wil 1900,AC Bellinzona,2.35,3.30,2.95
02/05,Thun,Aarau,2.09,3.45,3.20
26/04,FC Biel Bienne,Young Boys,8.00,5.40,1.32
27/04,Basel,Lausanne,1.61,3.90,4.90
26/04,Jaro,KTP Kotka,1.97,3.40,3.70
26/04,HJK Helsinki,Vaasan Palloseura,1.65,3.95,4.70
27/04,Gnistan,Kuopion P.,3.25,3.35,2.15
27/04,Mariehamn,Tampereen Ilves,7.40,4.70,1.36
28/04,Seinajoen,Haka Valkeakoski,1.56,4.20,5.00
26/04,Rovaniemen Palloseura,Oulun Luistinseura,3.30,3.80,1.96
02/05,Aubagne FC,Orleans,3.15,3.10,2.26
02/05,Bourg en Bresse,Villefranche,2.22,2.95,3.45
02/05,Chateauroux,Dijon,3.10,3.25,2.25
02/05,Le Mans,FC Rouen,1.72,3.50,4.60
02/05,Nancy,Nimes,1.64,3.65,5.20
02/05,Paris 13 Atl.,Valenciennes,2.50,2.85,3.00
02/05,Quevilly Rouen,Versailles,2.42,3.10,2.95
02/05,US Boulogne,Sochaux,2.20,3.25,3.15
26/04,Atromitos,Aris,2.95,3.05,2.49
26/04,OFI Crete,Asteras T.,2.70,3.30,2.55
27/04,AEK,Olympiakos,2.27,3.15,3.35
27/04,PAOK,Panathinaikos,1.99,3.45,3.70
28/04,Levadiakos,Lamia,1.36,4.50,9.80
28/04,Panetolikos,Athens Kallithea,2.65,3.05,2.80
28/04,Volos,Panserraikos,1.59,3.85,5.80
17/05,OFI Crete,Olympiakos,6.80,4.30,1.43
26/04,Sligo Rovers,Cork City,2.46,3.45,2.75
26/04,Carrick Rangers,Glenavon,,,
26/04,Coleraine,Linfield,2.80,3.45,2.36
26/04,Dungannon Swifts,Crusaders,2.32,3.55,2.80
26/04,Larne,Glentoran,1.99,3.40,3.70
26/04,Loughgall FC,Cliftonville,7.80,4.80,1.31
26/04,Portadown,Ballymena Utd.,1.59,3.90,4.60
26/04,Sakhnin,Ashdod,3.45,3.35,2.08
26/04,Hapoel Hadera,Kiryat Shmona,2.85,3.25,2.41
26/04,Hapoel Jerusalem,Macc.Petah Tikva,2.50,3.30,2.70
26/04,Ironi Tiberias,Maccabi Bnei Raina,2.17,3.35,3.20
26/04,Hapoel Haifa,Maccabi Tel Aviv,6.40,4.60,1.43
27/04,Netanya,H. Beer Sheva,6.00,4.50,1.44
28/04,Beitar Jerusalem,Maccabi Haifa,2.42,3.65,2.55
29/04,FC Tokyo,Shimizu S Pulse,2.85,3.10,2.50
29/04,Okayama,Tokyo Verdy,2.60,2.95,2.90
29/04,Yokohama FC,Kashima Antlers,2.85,3.00,2.60
29/04,Cerezo Osaka,Machida Zelvia,2.60,3.20,2.70
29/04,Gamba Osaka,Kyoto Sanga,2.27,3.25,3.10
29/04,Shonan Bellmare,Avispa Fukuoka,2.75,3.05,2.60
28/04,FC Juarez,Pumas UNAM,2.55,3.20,2.75
28/04,CF Monterrey,CF Pachuca,1.98,3.55,3.50
27/04,Rosenborg,Molde,1.73,3.95,4.20
27/04,Bodo/Glimt,KFUM Oslo,1.23,6.00,11.00
27/04,Haugesund,Fredrikstad,3.80,3.40,1.96
27/04,Kristiansund,Vaalerenga,3.15,3.60,2.09
27/04,Sandefjord,Ham-Kam,1.67,3.85,4.70
27/04,Sarpsborg,Stromsgodset,1.93,3.85,3.45
27/04,Brann,Bryne,1.33,5.20,8.00
27/04,Viking,Tromso,1.78,3.80,4.10
30/04,Viking,Haugesund,1.32,5.40,7.80
01/05,Rosenborg,Kristiansund,1.24,6.20,10.00
02/05,Ham-Kam,KFUM Oslo,2.44,3.40,2.75
27/04,Fortuna Sittard,Willem II,1.81,3.55,4.30
27/04,Ajax,Sparta Rotterdam,1.46,4.60,6.00
27/04,Heerenveen,NEC Nijmegen,1.97,3.60,3.50
27/04,Almere,G.A. Eagles,2.55,3.65,2.48
03/05,NEC Nijmegen,Willem II,1.72,3.80,4.40
03/05,Heracles,Feyenoord,5.40,4.50,1.51
03/05,Groningen,Waalwijk,1.72,3.80,4.50
03/05,PSV,Fortuna Sittard,1.14,8.20,15.00
04/05,NAC Breda,Zwolle,2.22,3.45,3.05
04/05,G.A. Eagles,AZ Alkmaar,2.65,3.65,2.38
04/05,Sparta Rotterdam,Twente,3.25,3.75,2.02
27/04,Excelsior,Emmen,1.47,4.50,5.60
28/04,Jong Utrecht,Volendam,4.90,4.40,1.54
28/04,Jong Ajax,Helmond,2.42,3.70,2.55
28/04,Jong AZ Alkmaar,Den Bosch,2.34,3.70,2.60
28/04,Jong PSV,Eindhoven,2.32,3.75,2.60
28/04,Venlo,De Graafschap,3.35,3.75,1.95
02/05,Den Haag,Cambuur,2.40,3.50,2.65
02/05,TOP Oss,Vitesse,3.45,3.65,1.94
26/04,Motor Lublin,Cracovia,2.09,3.65,3.25
26/04,Katowice,Legia W.,3.10,3.50,2.20
27/04,Korona K.,Jagiellonia,3.05,3.45,2.26
27/04,Gornik Z.,Widzew Lodz,1.91,3.65,3.80
27/04,Radomiak Radom,Lech P.,3.50,3.55,2.03
28/04,Zaglebie,Stal Mielec,1.99,3.55,3.65
26/04,Santa Clara,Arouca,1.89,3.20,4.60
26/04,Gil Vicente,Farense,2.33,3.05,3.30
26/04,Estrela Amadora,FC Porto,5.80,3.85,1.60
27/04,Moreirense,Nacional de Madeir,2.20,3.05,3.60
27/04,Benfica,Avs Futebol Sad,1.09,10.00,23.00
27/04,Guimaraes,Rio Ave,1.50,4.30,6.20
27/04,Boavista,Sporting CP,13.00,6.60,1.21
28/04,Casa Pia,Estoril,2.04,3.30,3.75
27/04,Feirense,FC Porto B,2.49,3.20,2.80
27/04,Portimonense,Tondela,3.85,3.45,1.93
27/04,Leixoes SC,Penafiel,1.85,3.45,4.00
28/04,SL Benfica B,Mafra,1.88,3.55,3.80
28/04,Chaves,Alverca,2.16,3.25,3.20
02/05,UD Leiria,UD Oliveirense,1.65,4.10,4.40
26/04,Rostov,Lokomotiv M.,2.32,3.65,2.75
26/04,Spartak M.,CSKA M.,1.73,3.60,4.70
27/04,KS Samara,Orenburg,1.92,3.65,3.65
27/04,Khimki,Akron Togliatti,2.55,3.30,2.70
27/04,Rubin Kazan,Fakel Voronezh,2.06,3.15,3.75
02/05,Akron Togliatti,Dynamo Makhachkala,2.26,3.20,3.20
03/05,Lokomotiv M.,Orenburg,1.50,4.40,5.60
03/05,Krasnodar,Rubin Kazan,1.48,4.10,6.60
29/04,Spartak M.,Din. Moscova,1.79,3.65,4.10
30/04,Lokomotiv M.,Rostov,1.97,3.55,3.40
30/04,Zenit St.P.,CSKA M.,1.76,3.40,4.50
26/04,Kamaz,Rodina Moscow,2.60,2.95,2.90
26/04,Chayka P.,Sochi,5.20,3.60,1.66
27/04,Alania Vladikavkaz,Torpedo M.,5.80,3.80,1.57
27/04,Ufa,Shinnik Yaroslavl,2.37,3.00,3.15
27/04,FC Sokol Saratov,FC Chernomorets Novorossiysk,3.75,3.25,2.02
27/04,FC Tyumen,Neftekhimik,2.75,2.90,2.75
27/04,Arsenal Tula,Rotor Volgograd,2.11,2.95,3.80
26/04,Aberdeen,Hibernian,2.48,3.40,2.70
26/04,St Mirren,Gl. Rangers,4.00,3.90,1.77
26/04,Hearts,FC Dundee,1.48,4.40,6.00
26/04,Kilmarnock,Ross County,1.75,3.50,4.70
26/04,Motherwell,St Johnstone,2.28,3.25,3.10
26/04,Ayr,Queens Park FC,1.47,4.40,6.20
26/04,Dunfermline,Airdrieonians,2.07,3.40,3.40
26/04,Hamilton,Livingston,5.40,4.00,1.57
26/04,Raith Rovers,Morton,1.61,3.55,6.00
26/04,Ruzomberok,Zemplin Michalovce,2.19,3.45,3.10
26/04,FK Kosice,Zeleziarne Podb.,1.98,3.60,3.45
26/04,Dunajska Streda,Slovan Bratislava,3.00,3.55,2.19
27/04,Zilina,Spartak Trnava,2.20,3.45,2.95
27/04,Skalica,KFC Komarno,1.90,3.35,3.95
26/04,Maribor,Radomlje,1.38,4.90,7.00
27/04,Nafta,Koper,3.75,3.50,1.93
27/04,Celje,O. Ljubljana,2.55,3.25,2.60
28/04,Bravo,Mura,1.93,3.45,3.70
27/04,Hacken,Hammarby,3.10,3.60,2.12
27/04,Mjallby AIF,Degerfors,1.54,4.10,5.60
27/04,AIK,Elfsborg,2.30,3.30,3.00
27/04,Varnamo,Norrkoping,2.29,3.55,2.85
27/04,IK Sirius,Halmstads,1.59,3.95,5.40
28/04,Brommapojkarna,Djurgardens,2.95,3.40,2.29
28/04,IFK Goteborg,GAIS,2.09,3.30,3.45
29/04,Malmo,Osters,1.28,5.40,9.60
27/04,Helsingborgs,Kalmar,2.70,3.35,2.50
27/04,Trelleborgs,Varbergs,2.16,3.40,3.15
27/04,Umea FC,Brage,2.95,3.45,2.26
28/04,Utsiktens,Vasteras,3.40,3.55,1.99
29/04,Falkenbergs,Orebro,2.02,3.35,3.50
26/04,Bodrumspor,Samsunspor,2.39,3.05,3.10
26/04,Gaziantep,Fenerbahce,6.00,5.00,1.43
27/04,Konyaspor,Adana Demirspor,1.19,6.80,12.00
27/04,Trabzonspor,Alanyaspor,1.77,3.65,4.30
27/04,Eyupspor,Galatasaray,6.00,4.50,1.46
27/04,Kayserispor,Caykur Rizespor,2.24,3.25,3.20
28/04,Goztepe,Basaksehir,2.16,3.25,3.35
03/05,Alanyaspor,Kayserispor,2.37,4.10,2.47
03/05,Caykur Rizespor,Gaziantep,2.16,4.60,2.60
03/05,Galatasaray,Sivasspor,1.21,6.60,11.00
04/05,Samsunspor,Eyupspor,2.17,4.50,2.55
04/05,Fenerbahce,Besiktas,1.80,4.20,3.60
05/05,Kasimpasa,Trabzonspor,2.36,4.30,2.43
27/04,Adanaspor,Genclerbirligi,12.00,6.40,1.21
27/04,Bandirmaspor,Erokspor,2.11,3.45,3.25
27/04,Karagumruk,Keciorengucu,1.75,3.85,4.20
27/04,Istanbulspor,Pendikspor,1.74,3.80,4.30
27/04,Kocaelispor,Boluspor,1.73,3.80,4.40
27/04,Ankaragucu,Corum,1.81,3.80,3.90
27/04,Sanliurfaspor,Manisa FK,2.40,3.45,2.75
27/04,Umraniyespor,Amed Sportif Faaliyetler,3.25,3.25,2.20
27/04,Sakaryaspor,Erzurumspor,2.95,3.30,2.32
26/04,Cardiff Metropolitan,Bala Town,2.38,3.15,2.95
26/04,WKW ETO Gyor,Paks,2.55,3.80,2.45
26/04,Ujpest,Diosgyori VTK,1.99,3.60,3.60
27/04,MTK Budapest,Ferencvaros,5.00,4.20,1.58
27/04,Zalaegerszeg,Kecskemeti,2.07,3.15,3.70
26/04,Obolon,Karpaty Lviv,3.85,3.05,2.11
27/04,Vorskla,Veres Rivne,2.35,3.10,3.10
27/04,Kolos Kovalivka,Polissya Zhytomyr,3.05,2.95,2.49
27/04,Shakhtar D.,Dinamo Kiev,2.18,3.30,3.25
02/05,Levy Bereg Kiev,Karpaty Lviv,3.65,3.25,2.00
02/05,Rukh Lviv,Kryvbas,3.35,3.20,2.15
03/05,Ch. Odessa,Shakhtar D.,11.00,7.20,1.18
03/05,Inhulets,Dinamo Kiev,16.00,7.40,1.13
03/05,Veres Rivne,Obolon,1.97,3.15,3.90
04/05,LNZ Cherkasy,Zorya,2.43,3.30,2.75
04/05,Kolos Kovalivka,Vorskla,2.25,3.05,3.20
04/05,Polissya Zhytomyr,Oleksandriya,2.55,3.30,2.55
26/04,Toronto,New York City,2.60,3.25,2.65
26/04,Cincinnati,Sporting Kansas City,1.65,4.00,4.60
26/04,New York Red Bulls,Montreal,1.79,3.45,4.50
26/04,Philadelphia Union,DC United,1.72,4.00,4.20
27/04,Orlando City,Atlanta United,1.87,3.60,3.90
27/04,Charlotte,New England Revolution,1.76,3.75,4.30
27/04,Columbus Crew,San Jose Earthquakes,1.47,4.80,5.60
27/04,San Diego FC,Real Salt Lake,1.71,3.95,4.30
27/04,Nashville,Chicago Fire,1.93,3.60,3.65
27/04,Houston Dynamo,Austin FC,2.13,3.35,3.30
27/04,Colorado Rapids,Seattle Sounders,2.75,3.35,2.47
27/04,Minnesota United,Vancouver W.,2.00,3.40,3.65
28/04,Inter Miami,FC Dallas,1.56,4.30,5.00
28/04,Los Angeles FC,Saint Louis City,1.52,4.20,5.80
28/04,LA Galaxy,Portland Timbers,2.07,3.80,3.10
03/05,Atlanta United,Nashville,1.80,3.40,4.50
03/05,Toronto,New England Revolution,2.26,3.25,3.10
04/05,Montreal,Philadelphia Union,3.35,3.25,2.15
04/05,Columbus Crew,Charlotte,2.01,3.35,3.65
04/05,Inter Miami,New York Red Bulls,1.58,3.75,6.00
04/05,DC United,Colorado Rapids,2.29,3.25,3.10
04/05,Chicago Fire,Orlando City,2.21,3.25,3.20
04/05,Austin FC,Minnesota United,2.21,3.25,3.20
04/05,San Diego FC,FC Dallas,2.10,3.25,3.50
04/05,Vancouver W.,Real Salt Lake,2.01,3.30,3.75
04/05,Los Angeles FC,Houston Dynamo,1.53,4.20,5.40
04/05,San Jose Earthquakes,Portland Timbers,2.70,3.30,2.50
04/05,Seattle Sounders,Saint Louis City,1.56,3.90,5.80
04/05,New York City,Cincinnati,2.31,3.25,3.00
05/05,Sporting Kansas City,LA Galaxy,2.11,3.30,3.45
26/04,Kukesi,Oriku,1.56,3.70,4.80
26/04,FC Noah Yerevan,Ararat,1.07,7.60,23.00
27/04,Brisbane Roar,Wynnum Wolves FC,,,
27/04,Clarence Zebras,South Hobart,12.00,7.80,1.11
27/04,Maitland,Broadmeadow Magic,7.80,6.20,1.22
27/04,Kapfenberger,Ried,5.00,4.10,1.59
29/04,Sturm Graz II,First Vienna,3.35,3.85,1.92
02/05,Liefering,ASK Voitsberg,2.70,3.65,2.28
02/05,Schwarz Weiss Bregenz,Rapid Viena II,2.40,4.00,2.41
02/05,Horn,Lafnitz,2.11,3.60,3.05
26/04,Club Atletico Atlanta,Patronato Parana,1.95,3.10,4.10
26/04,CA Colegiales,Guemes,2.44,2.85,3.15
26/04,CA San Miguel,Club Atletico Los Andes,1.90,3.00,4.60
26/04,Defensores Unidos,Talleres Remedios,2.42,2.80,3.25
26/04,Chaco For Ever,San Telmo,1.80,3.20,4.80
26/04,Estudiantes,Deportivo Moron,1.96,2.90,4.40
27/04,Deportivo Madryn,Maipu,1.94,2.95,4.50
27/04,Quilmes AC,Club Almagro,1.90,3.10,4.30
27/04,Arsenal Sarandi,San Martin de Tucuman,3.45,2.90,2.27
27/04,Alvarado,Gimnasia YTS,2.44,2.80,3.05
27/04,Almirante Brown,Agropecuario Arg.,2.55,2.80,2.95
27/04,Temperley,Estudiantes Rio Cuarto,2.48,2.70,3.15
27/04,Racing Cordoba,Ferro Carril Oeste,2.13,2.95,3.55
27/04,Gimnasia Mendoza,Nueva Chicago,1.63,3.40,5.60
27/04,Mitre Santiago Del Estero,Chacarita Juniors,2.47,2.65,3.25
28/04,Central Norte Salta,Gimnasia Jujuy,2.70,2.85,2.70
28/04,Colon de Santa Fe,Defensores de Belgrano,2.03,2.85,4.10
29/04,All Boys,Tristan Suarez,2.39,2.90,3.10
26/04,Argentino de Quilmes,CSD Liniers,1.84,3.05,4.40
26/04,Flandria,Club Atletico Fenix,1.63,3.15,6.00
26/04,Midland,Deportivo Merlo,2.01,2.85,4.00
27/04,Villa Dalmine,Laferrere,1.99,3.10,3.65
27/04,Brown de Adrogue,Deportivo Armenio,1.90,2.95,4.30
27/04,UAI Urquiza,CA Villa San Carlos,2.90,2.90,2.44
26/04,CA Claypole,Club El Porvenir,1.87,3.20,3.95
26/04,CA Lugano,CA Central Cordoba Rosario,3.10,3.25,2.13
26/04,CA Victoriano Arenas,CE Del Sur AK,2.85,2.90,2.48
26/04,Deportivo Paraguayo,Deportivo Camioneros,3.95,3.35,1.82
26/04,Argentino de Rosario,Yupanqui,1.76,3.10,4.80
27/04,CA Atlas,Centro Espanol,1.76,3.55,3.95
26/04,Boca Unidos C.,Sol de America F.,2.12,3.05,3.55
26/04,Juventud Unida Univ.SL,Ciudad de Bolivar,2.85,2.50,3.00
26/04,Gutierrez SC,Estudiantes San Luis,1.91,3.20,4.20
26/04,Defensores de Belgrano,CS Belgrano,2.95,2.60,2.85
26/04,Sportivo General San Martin,Juventud Antoniana,1.47,3.75,7.60
26/04,CA Bartolome Mitre,Atletico de Rafaela,2.18,3.00,3.50
27/04,Costa Brava de General Pico,CSB Atenas,1.60,3.65,5.40
27/04,Gimnasia Conc.del U.,Sportivo Las Parejas,2.36,2.80,3.35
26/04,Confianca SE,Ponte Preta SP,2.23,2.90,3.25
26/04,Londrina PR,Maringa FC,2.37,2.65,3.30
27/04,Alagoano AL,Nautico PE,1.93,3.20,3.70
27/04,Retro FC,Figueirense,1.99,2.95,3.85
27/04,Itabaiana,Sao Bernardo,2.65,2.90,2.70
27/04,Ituano SP,Tombense MG,2.07,2.90,3.70
28/04,Botafogo PB,ABC RN,2.35,2.60,3.45
28/04,Brusque SC,Ypiranga RS,2.06,3.00,3.50
29/04,Anapolis FC,Floresta CE,1.86,3.15,4.10
29/04,Caxias do Sul,Guarani SP,2.23,3.10,3.05
26/04,Rio Branco AC,Boavista SC,1.95,3.15,3.55
26/04,Maracana EC,Maranhao AC MA,2.09,2.80,3.65
26/04,Sampaio Correa MA,Parnahyba,1.54,3.60,5.40
26/04,Aparecidense GO,Mixto MT,1.96,3.05,3.70
26/04,Nova Iguacu RJ,Agua Santa,2.06,2.90,3.55
26/04,Manaus AM,SC Humaita,1.09,7.80,16.00
26/04,America FC RN,Treze FC PB,1.92,3.10,3.75
26/04,Ceilandia Esporte,Goiania,1.75,3.00,4.90
26/04,Luverdense EC,Goianesia,1.75,3.30,4.20
26/04,Ferroviario AC,Santa Cruz FC RN,1.44,3.95,6.20
26/04,AS Arapiraquense,Jequie BA,1.49,3.70,6.00
26/04,Uniao Araguainense,SC Penedense AL,2.29,3.00,2.95
26/04,Porto Velho,Capital CF DF,2.70,3.25,2.30
26/04,Portuguesa,Marica FC RJ,1.62,3.60,4.60
26/04,Pouso Alegre MG,Porto Vitoria,1.81,3.30,3.95
26/04,Inter de Limeira,Uberlandia EC MG,1.85,3.10,4.10
26/04,Cascavel,Goiatuba EC GO,1.49,3.80,5.80
27/04,Azuriz FC,Gremio Esportivo Brasil,1.76,3.25,4.30
27/04,Barra,Sao Luiz RS,1.83,3.25,3.90
27/04,Itabirito FC MG,Cianorte FC,1.94,3.20,3.55
27/04,Operario FC,Monte Azul SP,2.65,3.05,2.47
26/04,Independente AP,Oratorio AP,2.75,2.95,2.50
26/04,Nacional AC PR,PSTC Procopense,1.95,3.30,3.55
26/04,Toledo EC,Foz Do Iguacu PR,4.00,3.40,1.80
27/04,TS Galaxy,Sekhukhune,2.01,3.05,3.85
27/04,Milford FC,Black Leopards,2.25,3.20,2.85
27/04,Orbit College FC,Kruger United,2.55,2.80,2.80
26/04,Mostaganem,NC Magra,1.79,3.10,5.20
26/04,MC Alger,El Bayadh,1.33,4.50,11.00
26/04,JS Saoura,USM Alger,2.75,2.85,2.85
26/04,JS Kabylie,CR Belouizdad,2.46,2.75,3.30
26/04,Batna,JS Djidjel,1.70,3.20,4.80
26/04,MO Constantine,Khemis El Khechna,1.71,3.30,4.50
26/04,Isaac de Benguela,Sagrada Esperanca,2.85,2.90,2.37
26/04,Atl.Petroleos Luanda,CD Lunda Sul,1.24,4.50,11.00
26/04,Kabuscorp SCP,Recreativo Do Libolo,1.74,3.15,4.30
26/04,FK Kapaz,Zira FK,5.20,3.50,1.61
26/04,Dunav Ruse,Pirin Blagoevgrad,1.60,3.65,5.00
26/04,Gorna Oryahovitsa,PFC Dobrudzha Dobrich,5.60,3.55,1.57
26/04,PFC Belasitsa Petrich,PFC Nesebar,1.24,5.20,10.00
26/04,Strumska Slava,Spartak Pleven,1.70,3.10,5.20
27/04,Etar Veliko Tarnovo,FC Fratria Varna,1.85,3.20,4.10
28/04,Minyor Pernik,Ludogorets II,1.71,3.35,4.60
28/04,Pfk Botev Plovdiv II,CSKA Sofia II,2.65,3.30,2.38
26/04,Aali,Al Riffa SC,7.60,4.60,1.31
26/04,AL Bahrain,Malkiya Club,2.75,3.05,2.40
26/04,Al Najma,Al Shabbab,2.60,3.35,2.34
26/04,Naftan,FC Smorgon,2.08,3.35,3.35
26/04,Vitebsk,Gomel,2.29,3.05,3.20
26/04,Neman,FC Brest,1.91,3.25,4.00
27/04,FC Isloch,FC Molodechno,1.27,5.20,10.00
27/04,Zhodino,Maxline Rogachev,2.40,2.95,3.00
27/04,Din.Minsk,FC Minsk,1.43,4.10,7.00
26/04,GV Club Deportivo San Jose de Oruro,Academia del Balompie Boliviano,1.70,4.10,4.30
27/04,Oriente Petrolero,San Antonio Bulo Bulo,1.87,3.70,3.75
27/04,Independiente Petrolero,The Strongest,3.40,3.60,2.00
27/04,Nacional Potosi,Jorge Wilstermann,1.48,4.30,5.80
28/04,Universitario de Vinto,Always Ready,3.15,3.05,2.29
28/04,Club Bolivar,Blooming Santa Cruz,1.16,7.40,12.00
26/04,FK Igman Konjic,Radnik Bijeljina,2.40,3.30,2.65
27/04,Cavalry,Atletico Ottawa,2.21,3.05,3.00
27/04,Vancouver Langley,Pacific,2.90,3.25,2.19
27/04,York United,Forge Hamilton,2.70,3.10,2.40
26/04,Brno,Sigma Olomouc B,1.46,4.50,6.20
26/04,Opava,Zizkov,2.41,3.30,2.85
27/04,Sparta Praga B,Zlin,3.45,3.35,2.08
27/04,Varnsdorf,Prostejov,1.99,3.35,3.60
28/04,Banik Ostrava B,Vlasim,1.98,3.40,3.55
26/04,FK Arsenal Ceska Lipa,Hr. Kralove B,2.20,3.40,2.70
26/04,Kladno,Zivanice,1.26,5.20,7.60
26/04,Jiskra UNO,Zapy,3.70,3.50,1.78
27/04,Bohemians 1905 B,C. Budejovice B,1.90,3.70,3.10
27/04,Dukla B,Sokol Hostoun,1.71,3.80,3.70
27/04,Povltavska FA,Admira Prague,2.38,3.45,2.43
27/04,Heilongjiang Ice City,Guangxi Pingguo Haliao,2.04,2.75,4.50
27/04,Shaanxi Union FC,Shijiazhuang Gongfu FC,2.65,3.10,2.65
27/04,Suzhou Dongwu,Shanghai Jiading CD,1.74,3.15,5.20
27/04,Guandong GZ-Power FC,Foshan Nanshi FC,1.31,4.70,9.40
27/04,Changchun Xidu,Shandong Taishan B,2.65,2.85,2.70
27/04,Taian Tiankuang,Rizhao Yuqi,2.03,2.90,3.80
27/04,Wuxi Wugou,Jiangxi Beidamen,1.70,3.10,5.20
27/04,Shanghai Port B,Nantong Haimen,1.78,3.25,4.30
26/04,Cobresal,Deportes Limache,1.86,3.60,3.95
26/04,Colo Colo,Coquimbo Unido,1.68,3.55,5.20
27/04,CD O´Higgins,Deportes Iquique,1.95,3.65,3.55
27/04,CD Palestino,Univ. Chile,3.80,3.50,1.92
28/04,Huachipato,Union Espanola,2.26,3.45,2.95
26/04,CD Santa Cruz,Deportes Copiapo,3.40,3.50,2.00
26/04,Deportes Recoleta,Univ. Concepcion,2.11,3.25,3.35
26/04,CSD Rangers,Santiago Wanderers,2.05,3.25,3.50
27/04,Deportes Temuco,Curico Unido,2.24,3.15,3.20
27/04,CD Antofagasta,San Marcos de Arica,2.13,3.15,3.30
27/04,Union San Felipe,Dep. Magallanes,3.10,2.95,2.34
28/04,San Luis de Quillota,CD Cobreloa Calama,2.85,3.05,2.45
26/04,Envigado FC,Union Magdalena,2.22,2.95,3.60
27/04,Alianza FC Valledupar,Aguilas,2.04,3.10,3.90
27/04,Tolima,La Equidad,1.58,3.70,6.00
27/04,Pereira,Junior FC,2.46,3.00,3.05
27/04,Santa Fe,Boyaca Chico,1.36,4.50,8.40
28/04,Fortaleza,Ind. Medellin,4.80,3.60,1.69
28/04,America de Cali,AD Cali,1.78,3.40,4.40
28/04,Bucaramanga,Millonarios,2.17,2.90,3.60
30/04,Atl.Nacional Medellin,Pasto,1.35,4.60,8.00
27/04,Bogota,Boca Juniors de Cali,2.01,3.25,3.50
28/04,Deportes Quindio,CD Real Santander,1.83,3.35,4.10
28/04,Barranquilla,Atletico Huila,4.00,3.30,1.85
28/04,Orsomarso,RS Cundinamarca,2.47,2.90,2.95
29/04,Boyaca Patriotas,Tigres,1.50,3.60,6.80
01/05,Real Cartagena,Atletico Huila,2.10,3.20,3.30
27/04,Dep. Saprissa,CS Cartagines,1.69,3.65,4.90
28/04,Perez Zeledon,Municipal Liberia,2.36,3.20,2.90
28/04,Puntarenas FC,Alajuelense,3.65,3.25,2.01
27/04,Escorpiones Belen,AD Sarchi,1.83,3.50,3.70
27/04,Suwon Bluewings,Seongnam Ilhwa,1.62,3.65,4.70
27/04,Gimpo,Jeonnam Dragons,2.39,3.15,2.75
27/04,Busan I Park,Hwaseong,1.78,3.45,4.00
27/04,Changwon City,Ulsan Citizen,1.71,3.35,4.40
27/04,Gangneung,Gyeongju,3.75,3.45,1.81
27/04,Siheung Citizen,Mokpo,1.53,3.90,5.00
26/04,Cibalia,NK Opatija,3.45,3.05,2.08
26/04,Dubrava,Croația Zmijavci,2.13,3.05,3.30
26/04,Dugopolje,Rudes,3.20,3.10,2.15
26/04,Jarun,Bijelo Brdo,2.08,3.05,3.40
26/04,NK Radnik Krizevci,NK Jadran LP,1.86,3.30,3.55
26/04,Solin,Dragovoljac,1.23,5.20,8.80
26/04,NK Trnje,NK Karlovac 1919,3.25,3.75,1.83
27/04,Fredericia,Esbjerg,1.68,4.00,4.40
27/04,Skive IK,Naestved BK,2.20,3.35,2.90
26/04,Sundby BK,Holstebro,1.81,3.70,3.45
26/04,AL Jazira AL Hamra,AL Arabi,3.75,3.95,1.73
26/04,Al Dhaid,AL Dahra FC,1.77,3.55,3.95
26/04,Al Hamriyah,Masfoot Sports Club,2.00,3.40,3.25
27/04,Alianza FC San Salvador,AD Isidro Metapan,2.11,2.95,3.50
27/04,CD Luis Angel Firpo,Municipal Limeno,1.71,3.40,4.60
26/04,BSC Young Boys II,SR Delemont,2.75,3.70,2.16
26/04,FC Basel II,FC Baden,2.18,3.70,2.70
26/04,Breitenrain,FC Bavois,2.60,3.60,2.29
26/04,SC Bruhl St Gallen,SC Cham,2.03,3.55,3.05
26/04,Tallinna Kalev,Paide,15.00,8.00,1.12
26/04,Levadia Tallinn,Tartu Tammeka,1.11,7.80,19.00
26/04,Tartu Welco,Viimsi JK,2.39,3.40,2.55
26/04,Narva Trans,Tallinna Legion,2.21,3.60,2.65
26/04,Maardu Linnameeskond,Tartu Kalev,1.39,4.90,5.40
26/04,Cuniburo FC,CD Cuenca,1.94,3.20,4.00
27/04,Manta FC,LDU Quito,5.00,4.10,1.58
27/04,CSD Macara,Barcelona SC,2.65,3.20,2.60
27/04,Aucas,Mushuc Runa SC,1.97,3.40,3.45
27/04,Orense SC,Indep.Valle,3.45,3.25,2.02
28/04,CS Emelec,CD Tecnico U.,2.05,3.15,3.50
29/04,Libertad Loja,CD U. Catolica,3.05,3.30,2.17
28/04,El Gouna FC,Smouha,2.75,2.70,2.95
28/04,Ismaily,Zed FC,3.45,2.70,2.40
28/04,El Gaish,Al Ittihad,2.40,2.65,3.50
29/04,Enppi,Ghazl El Mahallah,2.65,2.55,3.20
30/04,Haras El Hodood,Pyramids,6.80,3.85,1.49
30/04,Petrojet FC,Al Ahly,6.80,4.10,1.46
01/05,Ceramica Cleopatra,National Bank of Egypt,2.27,3.10,3.20
01/05,Al Masry,Zamalek,3.10,2.95,2.37
26/04,El Mansurah,Dayrout,2.65,2.55,2.95
26/04,Tanta FC,Baladiyyat AL Mehalla,2.46,2.46,3.35
26/04,La Viena FC,Asyut Petroleum,2.16,2.50,4.00
27/04,KaPa Kapylan Pallo,SJK Akatemia,2.27,3.85,2.49
27/04,SalPa,PK-35 Helsinki,4.20,3.55,1.72
27/04,Ekenas Idrottsforening,JAPS,1.54,4.20,4.70
26/04,VJS,Lahden Reipas,1.22,6.00,8.00
26/04,HaPK Edustus,PEPO Lappeenranta,6.60,5.40,1.29
26/04,HJS Akatemia,Kiffen,1.92,3.60,3.20
26/04,P Iirot,Atlantis FC/Akatemia,1.78,3.85,3.45
26/04,SJK Akatemia/2,TP 47,1.46,5.00,4.40
26/04,SC Verl,Erzgebirge Aue,1.88,3.70,3.85
27/04,FC Ingolstadt 04,Bielefeld,3.00,3.65,2.15
27/04,Aachen,Osnabruck,2.25,3.20,3.20
27/04,Waldhof Mannheim 07,Stuttgart II,2.00,3.60,3.40
26/04,Manchester 62,St Josephs,7.00,6.00,1.25
27/04,Motagua Tegucigalpa,Real Espana SPS,2.08,3.25,3.45
28/04,Sociedad Tocoa,CD Victoria La Ceiba,2.80,3.10,2.44
28/04,Marathon SPS,Olimpia Tegucigalpa,2.09,3.15,3.40
28/04,Olancho FC,Lobos UPNFM,1.49,3.80,6.40
27/04,Pescara,SSD Citta Di Campobasso,1.70,3.45,4.70
27/04,ACR Messina,U23/Juventus,1.97,3.25,3.60
27/04,Audace Cerignola,Latina,1.36,4.60,7.20
27/04,Picerno,Foggia,1.94,3.35,3.60
27/04,Cavese 1919,Sorrento,1.66,3.50,4.90
27/04,Potenza,Catania,2.50,3.05,2.75
27/04,Trapani,Casertana,2.09,3.30,3.25
26/04,FC Suduroy,KI Klaksvik,27.00,9.60,1.04
26/04,Tofta Itrottarfelag B68,Vikingur Gota,8.60,5.40,1.26
26/04,HB Torshavn,TB Tvoeroyri,1.11,7.60,15.00
26/04,07 Vestur Sorvagur,B36 Torshavn,5.40,4.40,1.45
26/04,Eb/Streymur,NSI Runavik,10.00,6.00,1.20
27/04,Vestri,Breidablik,5.20,4.30,1.52
27/04,KA Akureyri,FH Hafnarfjordur,2.38,3.50,2.65
27/04,KR Reykjavik,IA Akranes,1.97,3.85,3.15
28/04,Stjarnan Gardabae,IBV Vestmannaeyjar,1.69,4.20,3.95
28/04,Fram R.,Afturelding,1.76,3.95,3.85
28/04,Valur R.,Vikingur R.,2.30,3.80,2.65
28/04,Vikingur R.,Valur R.,,,
28/04,Hap.Petah Tikva,Hapoel Kfar Shalem FC,1.53,4.20,5.40
28/04,Hapoel Tel Aviv,Hap.Ramat Gan G.,1.53,3.95,5.60
28/04,Hapoel Acre FC,Hapoel Ra`anana FC,2.34,3.20,2.95
26/04,FC Goa,Punjab,1.87,3.55,3.80
26/04,Longford T.,Dundalk,9.00,5.40,1.30
26/04,Annagh Utd.,Ards FC,1.31,5.40,7.60
26/04,Bangor FC,Dundela FC,1.28,5.80,8.00
26/04,H&W Welders,Limavady United FC,1.80,4.50,3.30
26/04,Armagh City FC,Ballinamallard Utd.,2.32,3.50,2.60
26/04,Ballyclare Comrades,Newington FC,2.36,3.55,2.55
26/04,Newry City,Institute FC,2.70,3.60,2.23
27/04,Persis Solo,Persita Tangerang,1.50,3.90,5.60
27/04,Persija Jakarta,Semen Padang FC,1.40,4.40,6.40
28/04,Arema FC,Persebaya Surabaya,2.16,3.35,2.95
28/04,Madura United,Persik Kediri,2.11,3.35,3.05
26/04,Sanat Naft Abadan FC,Shahrdari Noshahr,1.91,2.75,4.40
26/04,AL Jazeera Club Amman,Al Wehdat,5.80,4.10,1.47
26/04,AL Salt,Moghayer AL Sarhan,1.63,3.70,4.60
26/04,Al Hussein Irbid,Aqaba,1.15,6.60,13.00
29/04,Blaublitz Akita,Tokushima Vortis,2.85,2.90,2.60
29/04,HC Sapporo,V Varen Nagasaki,2.80,3.65,2.25
29/04,Iwaki,Omiya Ardija,3.30,3.30,2.11
29/04,Kataller Toyama,Montedio Yamagata,2.43,3.40,2.65
29/04,Oita Trinita,Sagan Tosu,2.55,3.15,2.70
29/04,Roasso Kumamoto,JEF Utd.Chiba,3.25,3.55,2.04
29/04,Ventforet Kofu,Vegalta Sendai,2.95,3.05,2.42
29/04,Mito Hollyhock,Imabari,2.75,3.35,2.38
29/04,Ehime,Fujieda MYFC,2.70,3.30,2.46
29/04,Jubilo Iwata,Renofa Yamaguchi,2.09,3.25,3.40
03/05,Vegalta Sendai,Renofa Yamaguchi,1.95,3.50,3.60
27/04,Vanraure Hachinohe,Zweigen Kanazawa,2.75,3.05,2.46
26/04,Aktobe,Ulytau FC,1.41,4.20,6.60
26/04,FC Astana,FK Atyrau,1.26,5.00,9.80
27/04,FC Kyzylzhar SK,Kaisar Kyzylorda,1.90,3.15,3.90
27/04,Ordabasy,FK Turan,1.43,3.95,6.60
27/04,FC Kairat Almaty,Tobol Kostanay,1.62,3.75,4.60
26/04,Rigas,Riga,2.47,3.05,2.60
26/04,Ogre United,FK Tukums 2000 II,1.29,4.90,7.60
26/04,AFA Olaine,FK Beitar / Riga Mariners,3.55,4.00,1.73
26/04,Skanstes SK,JDFS Alberts,3.95,4.10,1.63
26/04,Dfk Dainava Alytus,FK Riteriai,3.15,3.10,2.17
27/04,Kauno Zalgiris,Banga,1.46,3.95,6.20
27/04,Suduva,Hegelmann,3.40,3.30,1.99
26/04,Vardar,Besa 1976,1.31,4.30,8.00
27/04,Atlante,Atletico Morelia,1.76,3.55,4.00
27/04,Celaya,Tampico Madero,1.58,3.75,5.00
26/04,Petrocub Hincesti,Milsami,2.55,3.45,2.38
26/04,Zimbru Chisinau,Sheriff Tiraspol,3.75,3.20,1.92
26/04,Mornar Bar,Decic Tuzi,3.15,2.70,2.32
26/04,Otrant OU,Jedinstvo B.P.,2.08,3.20,3.10
26/04,FK Bokelj Kotor,Buducnost P.,6.00,4.10,1.42
27/04,Unan Managua,Indigenas de Matagalpa FC,1.98,3.30,3.40
28/04,Diriangen FC Diriamba,Rancho Santana FC,1.17,7.20,9.20
27/04,Nasarawa United,Heartland Owerri,1.42,3.65,7.20
27/04,Abia Warriors,Shooting Stars,1.37,3.60,9.00
27/04,Akwa United,Ikorodu City,1.60,3.30,5.20
27/04,Remo Stars,Niger Tornadoes,1.12,6.00,17.00
27/04,Lyn 1896 FK,Lillestrom,3.70,3.65,1.87
27/04,Moss,Stabaek,2.55,3.45,2.50
28/04,Mjoendalen,Start,3.30,3.50,2.03
28/04,Aasane,Aalesunds,3.15,3.65,2.04
28/04,Raufoss,Egersunds IK,2.49,3.55,2.55
28/04,Skeid,Kongsvinger,3.45,3.50,1.98
28/04,Sogndal,Odd BK,2.95,3.40,2.23
29/04,Hoedd,Ranheim,2.55,3.40,2.55
27/04,Arendal FK,SK Traeff,1.64,3.90,4.10
27/04,FK Eik Toensberg 871,Vard Haugesund,1.92,3.75,3.10
27/04,Sotra SK,Notodden FK,1.57,3.70,5.00
27/04,Brattvaag,Jerv,2.44,3.55,2.39
27/04,IL Sandviken,Flekkeroy IL,1.89,3.70,3.25
27/04,Pors Grenland,Lysekloster,2.75,3.70,2.09
27/04,Alta IF,Stroemmen IF,2.65,3.70,2.17
27/04,Hoenefoss BK,Tromsdalen UIL,2.70,3.50,2.20
27/04,Rana FK,Ullensaker/Kisa,2.75,3.45,2.19
27/04,Eidsvold TF,Strindheim TF,1.49,4.80,4.40
27/04,Kjelsaas,Asker Fotball,1.46,4.20,5.40
27/04,Follo,Stjordals Blink,2.44,3.70,2.32
27/04,Levanger FK,Grorud IL,1.93,3.65,3.15
27/04,Elverum,Loerenskog IF,2.09,4.00,2.65
27/04,Hinna,Torvastad,2.17,4.10,2.45
27/04,FK Vidar,Vindbjart FK,1.37,5.20,5.40
27/04,Kvik Halden FK,Odd BK 2,1.53,5.00,3.85
27/04,Ready Fotball,FK Oern-Horten,2.06,4.10,2.65
27/04,Guarani Asuncion,Nacional Asuncion,2.50,3.05,2.90
28/04,Sportivo Luqueno,Club Gen. Caballero,2.36,3.15,2.95
28/04,Sportivo Ameliano,Libertad Asuncion,3.90,3.20,1.95
29/04,Sportivo Trinidense,Olimpia Asuncion,3.65,3.40,1.95
29/04,CD Recoleta,Cerro Porteno,4.30,3.60,1.76
27/04,Dep.Universitario,Herrera FC,1.70,3.65,4.60
27/04,Arabe Unido,Plaza Amador PC,2.80,2.85,2.70
28/04,Alianza Panama,Tauro FC,4.30,3.20,1.82
28/04,Veraguas Utd.,Umecit,2.43,3.25,2.70
29/04,Potros Este,Sporting San Miguelito,3.50,2.75,2.27
26/04,Ayacucho,Alianza Atletico,2.23,3.10,3.35
26/04,Comerciantes Unidos,Alianza Lima,4.50,3.55,1.77
27/04,Deportivo Garcilaso,Dep. Binacional,1.41,4.60,7.20
27/04,Los Chankas CYC,Melgar,3.40,3.25,2.08
27/04,Atletico Grau,Sport Boys Association,1.89,3.20,4.20
28/04,Universitario de Deportes,UTC Cajamarca,1.18,6.40,13.00
28/04,Sporting Cristal,ADC Juan Pablo II,1.35,5.20,6.80
28/04,AD Tarma,Cusco FC,1.98,3.35,3.60
29/04,CS Cienciano,Sport Huancayo,2.10,3.45,3.20
26/04,Ucv Moquegua,Comerciantes FC,2.36,3.25,2.95
26/04,Deportivo Llacuabamba,Pirata FC,1.19,6.40,14.00
26/04,Tychy,Polonia W.,2.22,3.30,3.15
26/04,Pogon Siedlce,Arka,5.00,3.85,1.64
27/04,Odra Opole,Leczna,2.80,3.10,2.55
27/04,Ruch,Stal Rzeszow,1.79,3.80,4.00
27/04,Chrobry Glogow,Legnica,3.75,3.40,1.93
28/04,Wisla Plock,Pruszkow,1.63,3.80,4.90
26/04,Podbeskidzie,Ol. Grudziadz,1.95,3.20,3.50
26/04,Elblag,R. Rzeszow,3.85,3.50,1.78
26/04,Polonia Bytom,Wisla Pulawy,1.23,5.40,9.40
27/04,Swit S.Szczecin,Chojniczanka,2.70,3.25,2.31
27/04,Hutnik Krakow,Zaglebie 2,2.50,3.45,2.39
27/04,GKS Jastrzebie,Sosnowiec,2.24,3.25,2.80
26/04,AD Sanjoanense,CD Trofense,1.96,3.25,3.55
26/04,Sao Joao de Ver,Anadia,2.09,3.10,3.35
26/04,Amarante FC,Lusitania FC Lourosa,3.15,3.10,2.17
26/04,Braga B,Vilaverdense,1.62,3.75,4.70
26/04,AD Fafe,Atletico CP,1.83,3.40,3.90
26/04,Varzim SC,OS Belenenses,2.03,3.20,3.35
26/04,AC Libertas,SP Cailungo,2.50,3.70,2.26
26/04,Ath Bilbao B,Leonesa,2.49,3.10,2.65
26/04,Barcelona B,Amorebieta,1.48,4.10,5.40
26/04,Osasuna B,Andorra,2.95,3.20,2.22
26/04,Alcoyano,Huelva,2.16,3.05,3.20
26/04,Arenteiro,Lugo,2.20,3.10,3.10
26/04,Real Sociedad B,U.Salamanca,2.31,3.10,2.90
26/04,Yeclano,Algeciras,1.85,3.05,4.30
27/04,Gimnastica Segoviana CF,Barakaldo CF,3.50,3.30,1.95
27/04,Sestao,Ourense,2.15,2.95,3.35
27/04,Real Madrid Castilla,Ceuta,2.27,3.10,3.00
27/04,Sevilla Atletico,Betis Deportivo Balompie,2.20,3.10,3.05
27/04,SD Tarazona,Ponferradina,2.95,2.85,2.42
27/04,Merida AD,Antequera CF,2.22,3.10,3.05
27/04,Gimnastic,R. Union,1.64,3.55,4.90
27/04,Murcia,Villarreal B,1.75,3.35,4.30
27/04,Zamora CF,Celta Vigo B,2.16,3.10,3.15
27/04,Hercules,Alcorcon,1.90,3.30,3.70
27/04,UD Ibiza,Fuenlabrada,1.56,3.70,5.20
26/04,Alloa,Montrose,2.20,3.60,2.95
26/04,Cove Rangers,Kelty Hearts,1.59,4.10,5.00
26/04,Dumbarton,Annan Athletic,3.25,3.90,1.96
26/04,Inverness,Arbroath,1.84,3.80,3.80
26/04,Queen of The South,Stenhousemuir,1.84,3.60,4.00
26/04,Bonnyrigg Rose,Spartans FC,2.65,3.30,2.50
26/04,FC Edinburgh,Forfar Athletic,2.55,3.30,2.60
26/04,Elgin City,Stranraer,1.75,3.65,4.20
26/04,Peterhead,East Fife,2.07,3.35,3.35
26/04,Stirling Albion,Clyde,2.50,3.40,2.55
26/04,Tatran Presov,Pohronie Ziar NHDZ,1.15,6.40,13.00
26/04,MFK Zvolen,OFK Malzenice,1.87,3.50,3.60
26/04,Povazska Bystrica,Tatran L.Mikulas,2.55,3.40,2.42
26/04,Drava Ptuj,Nd Slovan,3.50,3.60,1.87
26/04,Ilirija,Aluminij,5.20,3.95,1.53
26/04,Beltinci,Jadran Dekani,1.90,3.55,3.40
26/04,Gorica,Nd Dravinja,1.42,4.10,6.40
26/04,Husqvarna FF,Hassleholms IF,2.75,3.25,2.27
26/04,IFK Skovde FK,Skovde AIK,2.95,3.50,2.06
26/04,Oskarshamns AIK,BK Olympic,2.28,3.20,2.75
27/04,Torslanda IK,Angelholms FF,2.00,3.35,3.25
28/04,Jonkopings,Norrby IF,2.46,3.30,2.49
28/04,Lunds BK,Ariana FC,2.01,3.40,3.15
26/04,Sollentuna FK,Gefle,2.70,3.35,2.25
26/04,Team TG FF,Eskilstuna,3.80,3.80,1.72
27/04,Assyriska FF,Hammarby Talang FF,3.10,3.60,1.97
27/04,IF Karlstad Fotbol,United IK Nordic,2.60,3.30,2.37
27/04,Vasalunds IF,FC Arlanda,1.40,4.60,5.80
27/04,Ahlafors IF,IK Tord,1.68,3.85,3.90
27/04,Onsala BK,Tvaakers IF,2.22,3.70,2.55
27/04,IF Boljan Falkenberg,Bergdalens IK,1.90,3.85,3.10
27/04,Viggbyholms IK FF,Ytterhogdals IK,1.15,7.00,11.00
27/04,FC Jarfalla,Osteraaker,1.46,4.40,5.00
26/04,FOC Farsta,IF Sylvia,2.30,3.70,2.48
26/04,Kristianstad FC,Hogaborgs BK,1.39,4.70,5.60
26/04,ES Rades,AS Oued Ellil,6.00,3.70,1.48
26/04,AS Gabes,ES Zarzis,3.30,2.55,2.46
26/04,Club S Hammam Lif,Esperance Sp.Tunis,10.00,4.20,1.31
26/04,US Monastir,AS Djelma,1.16,5.80,15.00
27/04,Pathum Utd.,Sukhothai,1.42,4.90,5.80
27/04,Khon Kaen Utd.,Chiangrai,2.75,3.55,2.31
27/04,Muangthong,Nakhon Ratchasima,1.39,4.90,6.40
27/04,Uthai Thani,Lamphun Warrior,2.36,3.35,2.80
30/04,Buriram,Nong Bua Pitchaya,1.09,9.20,16.00
30/04,Nakhon Pathom,Ratchaburi,3.65,3.55,1.88
30/04,Port MTI,Rayong,1.61,4.30,4.30
30/04,Prachuap,Bangkok Utd,4.10,3.65,1.75
26/04,Kampala CCA,Mbarara FC,1.26,4.70,9.80
26/04,CA River Plate (URU),Danubio FC,3.00,3.15,2.37
26/04,Plaza Colonia,Juventud Las Piedras,2.65,3.10,2.70
27/04,Club Nacional,Montevideo Wanderers,1.33,5.00,8.20
27/04,Montevideo City Torque,Defensor Sp.,2.80,3.25,2.42
27/04,Boston River,Miramar Misiones,1.97,3.20,3.85
27/04,CA Progreso,Liverpool Montevideo,3.70,3.50,1.90
28/04,CA Penarol Montevideo,CA Cerro,1.44,3.95,7.60
28/04,Racing Club Montevideo,Cerro Largo FC,2.28,2.95,3.35
27/04,Deportivo Maldonado,La Luz,1.93,3.15,3.80
27/04,Tacuarembo,Colon FC,2.65,2.95,2.60
27/04,CA Artigas,Albion FC,3.65,3.40,1.88
27/04,CS Cerrito,CA Rentistas,3.70,2.95,2.03
28/04,Rampla Juniors,Atletico Fenix Montevideo,2.50,2.80,2.90
26/04,Mash AL Mubarek,Termez Surkhon,3.65,2.90,2.04
26/04,PFC Sogdiana,FC Andijon,2.16,2.95,3.25
26/04,Yaracuyanos FC,Estudiantes Merida,3.35,3.50,2.07
27/04,Metropolitanos,Rayo Zuliano,1.95,3.20,4.10
27/04,Monagas SC,Academia Anzoategui FC,1.86,3.35,4.20
28/04,UCV FC,Caracas,1.91,3.15,4.20
28/04,Academia Puerto Cabello,Portuguesa FC,2.32,3.05,3.15
26/04,Al-Qasim SC,AL Quwa AL Jawiya,3.65,2.60,2.16
26/04,AL Zawraa SC,Naft Al-Basra SC,1.22,4.60,12.00
26/04,Zakho FC,Diyala FC,1.40,3.80,7.20
27/04,APIA Leichhardt,Marconi Stallions,2.37,3.40,2.50
27/04,Central C.Mariners Acad.,Rockdale Ilinden,8.60,6.20,1.20
27/04,Wollongong Wolves,Druitt T.Rangers,1.56,4.30,4.30
27/04,Sydney Olympic,Manly Utd.,1.59,4.00,4.30
27/04,Yoogali SC,Tuggeranong Utd,2.41,3.75,2.32
27/04,Melbourne City,FC Bulleen Lions,1.63,4.40,3.70
27/04,F/Central Coast Mariners,F/Canberra Utd.,1.70,3.65,3.85
27/04,F/Adelaide Utd.,F/Western Utd.,2.27,3.55,2.50
26/04,Buxton,Warrington,1.28,5.20,9.40
26/04,Curzon Ashton,Leamington,1.36,4.60,7.80
26/04,Darlington,Needham Market,1.80,3.90,3.75
26/04,Hereford,Scunthorpe,3.25,3.50,2.05
26/04,King's Lynn,Chester,,,
26/04,Marine,South Shields,2.33,3.50,2.75
26/04,Peterborough Sports,Scarborough,2.46,3.45,2.60
26/04,Radcliffe,Alfreton,2.55,3.55,2.48
26/04,Rushall,Chorley,6.20,4.10,1.49
26/04,Southport,Kidderminster,5.80,3.75,1.56
26/04,Spennymoor,Oxford City,1.44,4.50,6.20
26/04,Aveley,Bath,3.55,3.40,1.99
26/04,Chippenham,Hornchurch,2.60,3.45,2.44
26/04,Dorking,Chesham,1.34,5.00,7.20
26/04,Eastbourne Boro,Weston Super Mare,1.55,4.10,5.20
26/04,Enfield Town,Worthing,4.10,4.30,1.66
26/04,Farnborough,Maidstone,2.43,3.40,2.70
26/04,Hemel Hempstead,Torquay,6.00,4.70,1.43
26/04,Slough,Hampton & Richmond,1.70,4.10,4.10
26/04,Tonbridge,Boreham Wood,6.60,4.50,1.42
26/04,Truro,St. Albans,1.49,4.30,5.60
26/04,Welling,Salisbury,4.20,3.95,1.69
26/04,Weymouth,Chelmsford,2.80,3.50,2.29
26/04,Billericay,Cheshunt,1.06,8.60,19.00
26/04,Bowers & Pitsea,Whitehawk FC,2.85,3.45,2.13
26/04,Chichester City FC,Dover,2.55,3.65,2.24
26/04,Cray Valley PM FC,Folkestone,1.70,4.00,3.70
26/04,Dartford,Carshalton,1.31,4.90,6.80
26/04,Dulwich Hamlet,Chatham Town,3.10,3.25,2.09
26/04,Hastings,Potters Bar,2.70,3.45,2.22
26/04,Hendon,Bognor Regis,2.34,3.65,2.44
26/04,Horsham,Hashtag United,1.13,7.20,12.00
26/04,Lewes,Cray Wanderers,2.65,3.35,2.31
26/04,Wingate & Finchley,Canvey Island,1.91,3.75,3.10
26/04,AFC Sudbury,Harborough Town FC,3.50,3.75,1.79
26/04,Telford,Royston,1.46,4.30,5.20
26/04,Alvechurch,Lowestoft Town,1.37,4.80,6.00
26/04,Barwell,Spalding United,1.95,4.20,2.80
26/04,Bedford,Stourbridge,1.53,3.95,4.80
26/04,Bromsgrove,Bishop´s Stortford,2.33,3.70,2.44
26/04,Kettering,Banbury,1.39,4.20,6.60
26/04,Leiston,Biggleswade Town,1.37,4.50,6.20
26/04,Redditch,Hitchin,1.47,4.50,4.90
26/04,St Ives,Stratford,2.35,3.55,2.48
26/04,Stamford AFC,Halesowen Town FC,2.45,3.85,2.27
26/04,Basingstoke Town FC,Merthyr Town,2.38,3.80,2.35
26/04,Gloucester,Gosport,1.94,3.80,3.00
26/04,Hanwell Town,Plymouth Parkway,1.72,3.85,3.70
26/04,Havant & W,Wimborne Town,1.61,4.00,4.20
26/04,Hungerford,Dorchester,3.00,4.00,1.90
26/04,Poole,Chertsey Town,2.16,4.10,2.50
26/04,Sholing FC,Bracknell,2.46,3.85,2.25
26/04,Walton and Hersham FC,Swindon S,2.50,4.40,2.08
26/04,Winchester,Taunton,1.61,3.95,4.20
26/04,Frome Town,AFC Totton,2.70,4.20,1.99
26/04,Tiverton,Marlow FC,1.12,7.00,13.00
26/04,Bamber Bridge,Ilkeston,2.38,3.75,2.38
26/04,Basford,Hebburn Town,2.75,3.40,2.22
26/04,Blyth,Worksop Town,4.40,5.80,1.41
26/04,FC United,Guiseley,3.25,3.30,2.01
26/04,Gainsborough,Leek Town FC,1.74,3.60,3.85
26/04,Matlock,Lancaster,2.02,3.55,3.00
26/04,Mickleover,Prescot Cables,2.55,3.40,2.36
26/04,Stockton Town,Hyde,1.69,3.80,3.95
26/04,Warrington Rylands,Morpeth,1.84,3.60,3.45
26/04,Workington AFC,Ashton Utd,2.26,3.80,2.48
26/04,Macclesfield FC,Whitby,1.26,5.60,7.40
26/04,U21/Chelsea,U21/Wolverhampton,1.32,5.40,6.40
27/04,F/Liverpool,F/Tottenham,1.92,3.35,3.45
27/04,F/Crystal Palace,F/West Ham,3.05,3.50,2.02
27/04,F/Everton,F/Brighton,3.10,3.20,2.10
27/04,F/Leicester,F/Man.City,5.20,4.90,1.40
30/04,F/Aston Villa,F/Arsenal,7.40,5.00,1.29
30/04,F/Man.Utd.,F/Chelsea,3.30,3.20,2.01
26/04,SR WGFM Donaufeld,ASV SIEGENDORF,1.16,6.40,11.00
26/04,Wolfsberger AC (A),USV Weindorf St. AA,1.45,4.30,5.40
26/04,Union Vocklamarkt,Gleisdorf 09,2.11,3.45,2.85
26/04,Dornbirn,SVG Reichenau,2.39,3.40,2.50
26/04,Austria Salzburg,Lauterach,1.04,10.00,22.00
27/04,F/First Vienna FC 1894,F/St. Polten,12.00,6.60,1.16
27/04,F/USV Neulengbach,F/Altach/ Vorderland,2.44,3.30,2.50
27/04,F/Sturm Graz,F/Austria Wien,4.80,4.10,1.55
26/04,F/San Luis FC,F/Newells Old Boys,7.00,3.80,1.42
26/04,F/Rosario Central,F/Gimnasia La Plata,5.20,4.00,1.49
27/04,F/Velez Sarfield,F/CA Banfield,5.20,3.65,1.56
26/04,Uniao Barbarense,Paulista FC SP,2.85,2.23,3.15
26/04,F/Cruzeiro EC MG,F/Red Bull Bragantino,1.61,3.60,5.00
26/04,F/Sao Paulo,F/Corinthians,3.40,3.05,2.09
26/04,F/Palmeiras,F/Ferroviaria,1.85,3.60,3.55
27/04,F/CR Flamengo RJ,F/Juventude RS,1.17,6.40,11.00
27/04,F/EC Bahia BA,F/Fluminense FC RJ,2.42,3.35,2.55
27/04,F/SC Recife PE,F/America MG,4.60,3.85,1.61
27/04,F/3B Sport AM,F/Real Brasilia FC DF,5.00,4.40,1.49
29/04,F/Gremio RS,F/SC Internacional RS,2.26,3.30,2.80
26/04,F/EC Taubate,F/Sao Jose EC,1.24,4.50,14.00
26/04,EC Vitoria BA,F/Paysandu SC PA,1.10,7.00,20.00
26/04,F/Fortaleza EC CE,F/Acao Futebol MT,1.81,3.60,3.75
27/04,F/Mixto EC MT,F/JC Futebol Clube AM,1.36,4.50,7.00
26/04,F/Standard Liege,F/Club Brugge YLA,1.66,3.85,3.90
26/04,Union Saint Gilloise B,RFC Tournai,2.05,3.45,3.10
26/04,R AEC Mons,Rrc Stockay-Warfusee,1.27,5.00,8.60
26/04,Royal Excelsior,Union Rochefortoise,1.45,4.10,6.00
26/04,Royal Union Tubize Braine,RO Charleroi CF,2.31,3.40,2.65
26/04,FK Drina He Visegrad,FK Slavija Sarajevo,2.36,3.45,2.55
26/04,FK Sloboda Mrkonjic Grad,FK Borac Kozarska Dubica,1.11,7.40,14.00
26/04,FK Radnicki Lukavac,NK Travnik,8.20,4.50,1.31
26/04,FK Radnik Hadzici,NK Zvijezda Gradacac,1.58,3.60,5.00
26/04,Tuzla City,OFK Gradina Srebrenik,1.45,3.85,6.20
26/04,FC Strani,Unicov,3.20,3.45,1.94
26/04,Frydek Mistek,MFk Karvina B,2.11,3.55,2.75
26/04,Unie Hlubina,Uhersky Brod,2.01,3.40,3.05
26/04,SK Horovice,Komarov,2.40,3.35,2.49
26/04,TJ Hluboka Nad Vlatvou,Senco Doubravka,1.56,3.95,4.40
26/04,FC Predni Kopanina,Ujezd Praha 4,3.60,3.75,1.74
26/04,MFk Chrudim B,Horni Redice,1.54,4.70,3.85
26/04,MSK Breclav,Tatran Zdirec N.D.,2.10,3.15,3.05
26/04,F/Real Santander,F/Bucaramanga,1.73,3.35,4.20
26/04,F/Thisted,F/Koldingq,4.40,4.00,1.58
26/04,F/Aaland United,F/Hps,1.96,3.95,2.80
26/04,F/Kuopion Palloseura,F/HJK Helsinki,3.90,4.10,1.61
27/04,Teutonia Ottensen,Norderstedt,2.70,3.70,2.27
27/04,Phonix Lubeck,Havelse,2.40,3.60,2.60
27/04,St. Pauli II,Kiel II,1.97,3.90,3.15
27/04,SV Todesfelde,SC Weiche 08,3.60,3.70,1.89
27/04,VfB Oldenburg,Bremer,1.67,3.95,4.40
26/04,Erfurt,Plauen,1.31,5.40,7.60
27/04,Eilenburg,Hertha Zehlendorf,2.03,3.75,3.10
27/04,Luckenwalde,Jena,3.55,3.85,1.86
27/04,Altglienicke,Chemnitzer,2.42,3.25,2.75
27/04,FSV Zwickau,Babelsberg,2.21,3.10,3.30
26/04,Fortuna Koln,Dusseldorf II,1.87,3.80,3.50
27/04,Giessen,Kickers Offenbach,3.60,3.80,1.86
27/04,Mainz II,Fulda Lehnerz,1.98,3.70,3.30
27/04,Stuttgarter Kickers,Trier,1.66,3.85,4.60
27/04,F/Hafnarfjordur,F/Fjardab HL,1.34,4.60,6.20
27/04,F/UMF Tindastoll,F/Stjarnan,2.35,3.90,2.29
27/04,F/Valur Reykjavik,F/Thor/KA,1.52,3.95,4.80
27/04,Cimarrones Sonora,Racing Porto Palmeiras,1.75,3.45,4.20
26/04,U23/Cruz Azul,U23/Club Santos Laguna,1.40,4.10,6.60
26/04,U23/Rayados Monterrey,U23/CF Pachuca,2.23,3.60,2.60
27/04,F/Club America,F/FC Juarez,1.10,7.20,13.00
27/04,F/CF Pachuca,F/Atlas FC,1.39,4.20,6.20
26/04,F/Roea,F/Rosenborg,5.40,3.70,1.50
26/04,F/Lillestrom,F/Stabaek Fotball,1.46,3.90,5.60
26/04,LKS 1926 Lomza,Bron Radom,1.82,4.00,3.35
26/04,Pelikan,Legia II,6.20,5.00,1.36
26/04,Victoria Sulejowek,Mlawa,2.70,3.75,2.17
26/04,Zawisza,Pogon Szczecin II,2.43,3.65,2.43
26/04,Sleza Wroclaw,Karkonosze Jelenia Gora,1.99,3.75,3.00
26/04,Brzeg,Slask 2,11.00,6.40,1.18
26/04,Pawlowice,Unia Turza Slaska,1.45,4.40,5.40
26/04,Carina Gubin,Gornik Z. 2,1.87,3.90,3.25
26/04,Z. Gora,Odra Bytom Odrzanski,1.40,4.90,5.60
26/04,Siarka Tarnobrzeg,Unia Tarnow,1.03,11.00,26.00
26/04,Biala Podlaska,Wisloka Debica,2.00,3.65,3.05
26/04,Ostrowiec,Chelmianka Chelm,2.22,3.45,2.80
26/04,U19/Gil Vicente,U19/Tondela,1.51,3.85,5.00
26/04,U19/SCU Torreense,U19/Benfica,5.80,4.20,1.41
26/04,U19/CD Feirense,U19/Uniao Nogueirense FC,1.44,4.10,5.60
26/04,U19/Famalicao,U19/Chaves,1.48,3.95,5.20
26/04,U19/CD Mafra,U19/Lusitania Angra,1.20,5.60,9.40
26/04,U19/OS Belenenses,U19/Sp.Clube Farense,2.14,3.20,2.95
26/04,U19/Sporting,U19/Casa Pia,1.53,3.75,5.00
26/04,Lok. Kosice,FTC Filakovo,1.45,4.10,5.80
26/04,MFK Dolny Kubin,MSK Namestovo,1.53,4.10,4.70
26/04,Novohrad Lucenec,MFK Snina,4.10,3.55,1.71
26/04,SK Odeva Lipany,Rimavska Sobota,1.74,4.00,3.45
26/04,Spisska Nova Ves,Slavia Tu Kosice,2.06,3.45,3.00
26/04,FK Inter Bratislava,Spartak Myjava,1.67,3.65,4.20
27/04,Bergantinos CF,UM Escobedo,1.97,3.20,3.45
27/04,CD Laredo,RC Deportivo Fabril,6.60,3.90,1.43
27/04,Coruxo,Rayo Cantabria,1.88,3.20,3.75
27/04,Real Avila CF,SD Compostela,2.12,3.00,3.30
27/04,Real Aviles CF,Guijuelo,1.38,4.30,6.60
27/04,Real Valladolid Promesas,Numancia,2.85,3.00,2.33
27/04,Torrelavega,Pontevedra,3.75,3.55,1.79
27/04,Salamanca CF UDS,UP Langreo,2.55,2.90,2.70
27/04,UD Llanera,Club Marino de Luanco,2.24,3.00,3.05
27/04,Arenas Club,CD Tudelano,1.55,3.55,5.40
27/04,Alfaro,Deportivo Alaves B,2.35,3.00,2.85
27/04,CD Anguiano,SD Ejea,2.22,3.30,2.80
27/04,Calahorra,Utebo,1.80,3.45,3.80
27/04,CD Subiza,Gernika,6.00,4.20,1.41
27/04,Real Sociedad C,UD Logrones,4.50,3.45,1.68
27/04,Deportivo Aragon,Teruel,2.24,3.10,2.95
27/04,SD Logrones,SD Eibar B,1.89,3.20,3.70
27/04,Barbastro UD,CD Izarra,1.16,5.20,17.00
27/04,Ibiza Islas Pitiusas,CE Andratx,1.98,3.30,3.35
27/04,Sabadell,CF Badalona Futur,1.09,7.60,17.00
27/04,Lleida,Espanyol Barcelona B,2.11,2.95,3.40
27/04,Elche Ilicitano CF,CE Europa,3.80,3.40,1.81
27/04,RCD Mallorca B,Baleares,6.00,3.70,1.49
27/04,Alzira,SCR Pena Deportiva,2.46,3.25,2.50
27/04,Cornella,Torrent CF,6.00,3.60,1.50
27/04,Olot,Terrassa FC,2.06,3.00,3.45
27/04,UE Sant Andreu,Valencia Mestalla,1.67,3.50,4.50
27/04,CA Antoniano,Orihuela CF,1.69,3.40,4.50
27/04,CD Don Benito,UCAM Murcia,5.60,3.75,1.50
27/04,Linares,CF Villanovense,1.98,3.05,3.60
27/04,San Fernando,Torremolinos,2.21,3.00,3.10
27/04,Club Deportiva Minera,CD Estepona,4.60,3.50,1.65
27/04,CR Granada,Linense,2.75,3.10,2.36
27/04,FC La Union Atletico,Aguilas FC,1.48,3.15,8.60
27/04,UD Almeria B,Cadiz CF B,1.84,3.50,3.60
27/04,Xerez Deportivo FC,Xerez CD,2.85,2.80,2.49
27/04,Atl Paso,CD Tenerife B,3.15,3.40,2.01
27/04,CD Coria,San Sebastian Reyes,1.83,3.40,3.70
27/04,CD Illescas,Union Adarve,3.55,3.55,1.83
27/04,CD Mostoles URJC,Guadalajara,3.25,3.80,1.85
27/04,Navalcarnero,Cacereno,1.90,3.25,3.60
27/04,Rayo Majadahonda,CD Union Sur Yaiza,1.16,5.40,17.00
27/04,Colonia Moscardo,UD Melilla,2.80,3.05,2.38
27/04,Getafe CF B,Talavera,1.96,3.10,3.60
27/04,Ub Conquense,Real Madrid C,2.13,2.95,3.30
26/04,F/Eibar,F/Espanyol,2.23,3.00,3.05
26/04,Villalonga,UD Somozas,2.40,3.15,2.65
26/04,SD Atletico Albericia,SD Barreda Balompie,1.32,4.90,6.80
26/04,CD Bezana,CD Elemental Atletico Mineros,1.55,3.75,5.00
26/04,CD Revilla,CD Naval,2.13,3.45,2.85
26/04,Scd Durango,CD Basconia,3.85,3.70,1.72
26/04,SD Deusto,SD Leioa,3.00,3.05,2.23
26/04,CD Derio,CD Santurtzi Ke,3.30,3.50,1.92
26/04,UE Tona,CE Sabadell B,1.71,3.75,3.90
26/04,Patacona CF,Atzeneta UE,3.65,3.00,2.00
26/04,UD Castellonense,CD Utiel,2.08,3.00,3.35
26/04,Cuc Villalba,Aravaca CF,1.59,3.75,4.60
26/04,RSD Alcala,AD Alcorcon B,1.54,3.80,5.00
26/04,CD El Alamo,CD Paracuellos Antamira,4.40,3.45,1.68
26/04,CD Mirandes B,CD Leonesa B,2.22,3.00,3.05
26/04,Atletico Astorga,UD SANTA MARTA,1.35,4.20,7.40
26/04,SDA Tordesillas,CD Mojados,1.24,5.60,8.20
26/04,CD Atletico Mansilles,CD Laguna de Duero,1.36,4.30,7.00
26/04,Palencia CF,CD Becerril,1.83,3.30,3.85
26/04,CD Migjorn,SD Portmany,13.00,5.60,1.17
26/04,UD Poblense,UD Collerense,1.19,5.60,11.00
26/04,Llanos Aridane,UD Las Palmas Atletico,8.20,4.70,1.29
26/04,FC Cartagena B,Deportivo Maritimo,2.27,3.25,2.75
26/04,CD Noblejas,Quintanar,10.00,6.00,1.18
26/04,CD Toledo Sad,Cazalegas,1.40,4.20,6.20
26/04,CD Tarancon,UD Socuellamos CF,2.85,2.90,2.42
27/04,F/Kristianstads,F/Piteaa IF,1.80,3.50,3.70
27/04,F/Djurgardens,F/Rosengaard Malmo,3.00,3.45,2.06
27/04,California Odyssey,Sacramento Gold,1.95,4.20,2.70
26/04,New England Revolution II,New York City FC II,1.50,4.10,4.80
27/04,Carolina Core FC,Crown Legacy,2.03,3.65,2.85
27/04,Tacoma Defiance,Saint Louis City 2,1.88,3.75,3.10
26/04,F/Washington Spirit,F/Gotham,2.31,3.30,2.60
27/04,F/North Carolina Courage,F/Kansas City NWSL,3.85,3.40,1.76
27/04,F/Chicago Red Stars,F/San Diego Wave,4.40,3.40,1.67
27/04,F/Bay FC,F/OL Reign,1.89,3.35,3.40
27/04,F/Portland Thorns,F/Racing Louisville,1.87,3.30,3.55
27/04,1928 Bucaspor,68 Aksaray Belediyespor,7.60,4.60,1.30
27/04,Belediye Derincespor,Giresunspor,1.14,5.80,14.00
27/04,Beyoglu Yeni Carsi FK,Elazigspor,3.10,3.05,2.13
27/04,Diyarbekirspor AS,Erbaaspor,1.36,4.60,6.00
27/04,Karacabey Belediyespor,Menemenspor,2.29,3.15,2.75
27/04,Karaman,Nazilli Belediyespor,1.06,7.20,29.00
27/04,Serik Belediyespor,Arnavutkoy Bl.,1.14,6.40,12.00
27/04,Yeni Mersin Idman Yurdu,Van Spor FK,3.20,2.33,2.65
26/04,KSK Heist,U21/KAA Gent,4.70,4.00,1.54
26/04,F/Chertanovo Moscova,F/Zvezda 2005 Perm,3.65,3.50,1.82
26/04,Hartford Athletic,Portland Hearts of Pine,1.64,3.85,5.00
26/04,Detroit City,Pittsburgh Riverhounds,1.84,3.50,4.20
27/04,Lexington,Loudoun United,2.65,3.20,2.60
27/04,Forward Madison,Indy Eleven,2.90,3.30,2.38
27/04,One Knoxville,Tulsa,2.01,3.45,3.55
27/04,FC Naples,Charleston Battery,3.90,3.65,1.85
27/04,Louisville City,Richmond Kickers,1.48,4.40,6.00
27/04,Tampa Bay Rowdies,Miami FC,1.63,3.95,4.90
27/04,South Georgia Tormenta,Greenville Triumph,2.39,3.35,2.80
27/04,Texoma FC,El Paso Locomotive,5.00,4.10,1.60
27/04,New Mexico United,Union Omaha,1.54,4.30,5.40
27/04,Orange County,Las Vegas Lights,2.22,3.10,3.35
27/04,Sacramento Republic,Av Alta FC,1.44,4.40,6.80
27/04,Phoenix Rising,San Antonio,2.47,3.35,2.75
27/04,F/Salisbury Inter,F/West Torrens Birkalla,2.03,4.20,2.55
27/04,F/Flinders United Wfc,F/Adelaide Univ.,1.88,4.00,2.95
26/04,Brujas de Salamanca,Deportes Rengo,2.70,3.15,2.50
26/04,CD Melipilla,Puerto Montt,3.10,2.95,2.38
27/04,CD Trasandino de Los Andes,San Antonio Unido,2.35,3.40,2.80
27/04,Alianza FC,Isidro Metapan,1.47,4.20,5.00
27/04,CD Dragon,Platense,1.74,3.40,4.00
26/04,PK Keski-Uusimaa 2,Riihimaen Palloseura,1.68,4.60,3.25
27/04,Sportivo Ameliano,Sportivo Trinidense,30.00,9.40,1.02
27/04,Aguilas de la Universidad de Panama,CA Independiente B,3.25,3.40,2.00
26/04,Academia Puerto Cabello Reserve,Barquisimeto SC,2.47,3.20,2.47
26/04,TFC Guanare,Atletico El Vigia,1.87,3.20,3.65
27/04,Angostura FC,Aragua FC,2.60,2.90,2.60
